name,pep_res_idx,res_num,chain_id,aa_prob,aa
4FXE-ARG81-relax-noHyd_E_B_E2_2608_873_791,0,0,1,0.29663002490997314,P
4FXE-ARG81-relax-noHyd_E_B_E2_2608_873_791,1,0,2,0.2722055912017822,V
4FXE-ARG81-relax-noHyd_E_B_E2_2608_873_791,2,0,3,0.9315491914749146,G
4FXE-ARG81-relax-noHyd_E_B_E2_2608_873_791,3,0,4,0.20327404141426086,V
4FXE-ARG81-relax-noHyd_E_B_E2_2608_873_791,4,0,5,0.29798826575279236,V
4FXE-ARG81-relax-noHyd_E_B_E2_2608_873_791,5,0,6,0.16735245287418365,P
4FXE-ARG81-relax-noHyd_E_B_E2_2608_873_791,6,0,7,0.2064812034368515,P
